name,records,distance
Inez,1,53.43209605601997
Sanjuana,1,39.745043588519295
Stefani,1,22.880846229492548
Donita,1,63.21415279766241
Felicidad,1,97.82602692067279
Melodie,1,82.03113974934384
Robin,1,69.41558964256603
Cheryl,1,57.47534115254157
Mamie,1,68.92395860138248
Ernesto,2,98.88342077379905
Rosendo,1,59.109244100929736
Brenda,1,53.0062017882034
Madeleine,1,15.556015915160303
Dorris,1,90.00224725742588
Gustavo,1,99.0004727958041
Nisha,1,71.42740399037412
Edwina,1,6.032845778651385
Enrique,1,97.40956726769673
Fannie,2,104.62446768042037
Silvana,1,27.28626224000331
Suzann,1,96.48898435362906
Celeste,1,6.6208424105363655
Perry,1,44.45748094940747
Hyon,1,23.6303704566749
Roseline,1,78.64443629187487
Leatha,1,83.93849849605111
Dotty,1,57.37144154166741
Tanisha,1,35.960454765715276
Joie,1,72.65091935248262
Nerissa,1,47.21032813458707
Troy,1,76.03752287171916
Ying,1,73.12834736805762
Todd,2,116.55760227207247
Diann,1,70.5973026031542
Aleen,1,62.36551501342147
Randell,2,136.04042189637357
Ela,1,91.38889876784998
Roxane,1,56.52523652122904
Patrina,1,56.52543918964991
Elvis,1,19.09313876076233
Lawrence,1,96.16147890270508
Marquis,1,59.679741076154144
Floria,1,75.0916873394172
Taren,1,50.411247063567146
Shane,1,32.77509753376386
Anisa,1,38.758282142031696
Merna,1,92.09344227112042
Willis,2,31.398678901520718
Olen,1,14.08383373588389
Hosea,1,8.505615531728882
Georgeanna,1,86.34180290737645
Debra,1,20.099618059984248
Celinda,2,43.17925636758893
Felipa,1,98.51181809795513
Tamara,1,31.830442227853496
Alysa,1,98.35541444688721
Elma,1,15.252260237932747
Garry,2,95.23091206543509
Elroy,1,4.050591399530146
Tressa,1,30.545216971342704
Sophie,1,12.89406902362542
Angelique,1,75.45996541409725
Alda,2,19.416506556330315
Pinkie,1,31.034550343807698
Lilia,1,31.473771844993937
Kathleen,1,41.12647654067203
Elayne,1,32.372246021810845
Annamae,1,56.45741795111236
Willena,1,93.06683499376203
Timika,1,14.878389224679523
Alma,1,33.384305770764165
Brenton,1,69.28711690800564
Francine,1,27.030379652010716
Kyra,1,80.24721398564668
Tenesha,2,68.7956867985561
Kory,1,83.03832364181875
Marvis,1,73.56545475641923
Lorinda,1,24.448244713998836
isha,1,95.51090068110514
Hillary,1,12.643596512808198
Dorthea,1,39.84384297819018
Quintin,1,2.3107996022888155
Kendall,1,86.10258614892639
Garfield,1,99.2637164086685
Loreen,1,92.46358994918026
Noel,1,65.12497507692817
Tamie,1,9.790044473446446
Margit,1,89.22600333989101
Pok,1,87.7384059643304
Morris,1,49.804529476994205
Rasheeda,1,68.56779933274393
Julie,2,108.48873676839303
Jerald,1,86.47548423068233
Catina,1,9.99513907494517
Clair,2,118.10860668102896
Stanley,1,35.42553257645646
Asa,1,63.78267886681397
January,1,96.24998571737522
Saul,1,54.97213704554199
Aisha,1,0.47729033964430956
Youlanda,1,20.199426650974296
Meagan,1,26.208468158079146
Ashley,1,96.6450203250176
Clarita,2,65.11142044930949
Donya,1,48.5600637333074
Lura,1,54.71626422646874
Theressa,1,22.217448787507287
Una,1,7.425748514450936
Anna,1,4.703898368884141
Laquanda,1,93.82171597082818
Cathleen,1,28.158441617086083
Jack,1,78.34077691654097
Leon,2,145.65998038023542
Charla,1,18.516823708641795
Bulah,1,52.04088764495194
Donte,1,82.78616813750752
Caprice,1,91.18277043349924
Maryland,1,86.00074852373419
Eloisa,1,62.1567923717089
Leida,1,77.83699253677142
Aurelio,1,76.13651017372642
Valentina,1,94.75311053501888
Allen,1,74.5064002131142
Hilaria,2,120.55060823013812
Amado,1,13.020546719654858
Thu,1,17.216153137919378
Joella,1,86.95319540594288
Judi,1,7.8316045879618486
Jerold,1,74.15883732757302
Noble,1,97.12035447352736
Marceline,1,35.691761880508764
Pearle,1,45.628649807320556
Gregg,1,63.37401840891667
Tomas,1,59.21434607421947
Lenora,1,19.109425307963935
Sammy,1,88.31684774607153
Kassie,1,38.19812718656226
Sherman,2,71.86832598456861
Margurite,1,54.67685251932506
Tova,1,58.83353293140433
Arletha,1,12.886012843320415
Else,1,57.039371323210005
Scot,2,45.709630514050716
Shela,1,22.492208674289593
Cecil,1,24.88082274794593
Brigida,1,1.6124196188273876
Andera,1,44.49782771041087
Geralyn,1,29.936866301688404
Mui,1,25.900319156320982
Jamison,2,99.49733588378797
Alonso,1,33.818368737119606
Faith,1,39.82107333045411
Cherish,1,37.646664371128466
Amberly,1,17.552908071221818
Hanh,1,7.75824581534994
Ferdinand,1,70.37000202612771
Rufus,1,43.94280988298834
Lyda,2,122.12099856623387
Floyd,1,99.19707464602484
Nichol,1,67.97274060877325
Velva,1,39.3875674313497
Candy,1,54.35757870700603
Sharyl,1,36.66289523599073
Shondra,2,65.17563657228757
Fidel,2,84.87674919847538
Jolanda,1,45.812688940919486
Vivienne,1,34.63696649910547
Hipolito,1,99.75709451362577
Ariana,2,89.1183126115829
Florentina,2,91.24540545054981
Minnie,1,70.74844623586964
Carisa,2,96.86200418244876
Britta,1,81.27691370844371
Wilton,1,61.6639972137757
Setsuko,1,93.40096242314416
Della,1,29.776684044775948
Marylynn,1,25.087649717252635
Janean,1,65.05650803832701
Alison,2,157.3842708661651
Alejandrina,1,60.37725262412048
Marsha,1,72.1964877560869
Alba,1,92.85700110098516
Will,1,11.6935319799931
Cari,1,99.80363085936668
Santana,1,3.2060658297813016
Georgette,1,5.3484736380350455
Linn,2,142.70584639692908
Vincenza,1,4.4954291025060655
Larhonda,2,101.43175379671271
Annie,1,51.193342220981286
Kristi,1,17.642136779034402
Seth,1,23.17879091478485
Grayce,2,67.33911449024241
Marybeth,1,67.96978579266238
Hyun,1,99.4089678125409
Kimberly,1,22.52018747429807
Pasty,1,10.354989159110517
Christen,1,85.5911766319278
Sunny,1,56.67172409611094
Yaeko,1,31.004834835823313
Tianna,1,38.62427681024209
Cinderella,1,30.291112067288182
Chris,2,118.34701842184077
Caroll,1,8.664723005703967
Eboni,1,88.47639299503706
Concepcion,1,22.814109015529727
Marjorie,1,60.215778126388706
Demarcus,1,22.981594778894177
Barbera,1,67.65142994599755
Richelle,2,77.87045229768717
Trevor,2,128.40561644893748
Thomasena,2,174.58507693298964
Jake,2,90.33087220884232
Beatris,1,18.034744804019287
Ruthie,1,50.49043184424844
Portia,1,80.91134248406348
Kindra,1,11.226623249577505
Temple,1,45.21807262937087
Candi,1,38.05972609703902
Leora,2,106.72035008358486
Leandro,1,33.35211353137686
Alix,1,76.32424813798664
Shu,1,71.82123571878518
Odelia,1,84.95749124405174
Angelyn,1,66.38229422811833
Tu,1,41.774384153147516
Venetta,1,43.358804639628765
Selena,1,87.70791336524356
Johnathan,1,62.32402153603943
Melodee,1,82.4408080419629
Beverley,1,45.901181700100636
Bobbie,1,43.339975878269996
Dorthy,1,55.29177712246499
Roland,1,99.91761010374586
Mee,1,38.74047654431201
Stefany,1,68.7045778394037
Jules,1,58.10199065589997
Angila,1,29.455471578368442
Daniele,1,60.02829483303842
Jolene,1,96.24185003919752
Shelli,1,22.33183233987459
Evie,1,95.82550734271027
Mattie,1,32.700524167453224
Britteny,1,48.819290381898625
Lilla,1,98.93574705367595
Mauro,1,87.05717396772992
Tomi,2,72.39662516482815
Ligia,1,97.75631619104068
Malisa,1,49.29430942134434
Delmy,1,17.92302643970349
Ronda,3,174.8104928339312
Russell,1,25.11858251626743
Charise,1,46.83923786997104
Cherelle,2,121.854113644926
Amiee,1,70.59000235348525
Minda,1,33.55128402089021
Yoko,1,79.75630201362208
Chong,1,18.28988331110817
Katlyn,1,66.81732581526047
Ronna,2,55.5778364668492
Kyle,2,110.5571815770324
Jeane,1,51.53334418209406
Kevin,2,53.61362546922283
Elanor,1,99.46298568823119
Lincoln,1,31.63616314198221
Jaime,1,80.06060046126916
Norberto,1,77.00370438393101
Keith,1,96.68498638781651
Jannette,1,12.99197286366357
Ara,1,3.1792447099354137
Mitch,1,99.74877349881227
Chi,1,70.1427407026167
Justin,1,44.63985282001279
Alleen,1,68.2332349766058
Bud,1,35.37844876083279
Phyliss,1,46.0901236531126
Felica,1,76.47015186417197
Michaela,1,35.22824208638661
Delmar,1,68.71820799323854
Lexie,2,111.16534130122649
Mozella,2,144.10146664956457
Frances,1,60.37296742280366
Marnie,1,93.05218310311595
Chanda,1,49.08474504407364
Aleisha,2,96.04762688620413
Joycelyn,2,80.38398925074752
Ailene,2,97.90269081260145
Charline,1,12.586001107417378
Trenton,1,79.4348711583922
Roosevelt,1,61.508515951341934
Felix,1,36.84757865198278
Cristobal,1,5.665946732643279
Phoebe,1,91.68048609833508
Jacinto,1,98.7035526390096
Nelson,1,27.626678345158197
Yuki,1,22.51665625907513
Antonietta,2,137.38789598156706
Tory,1,6.56146941172252
Pamella,1,34.9861233809025
Caterina,1,22.13571373383374
Lavonna,1,85.5098041493159
Johnathon,1,93.43031757460761
Lyle,1,2.7385055668669556
Hyacinth,2,106.48017677356921
Jacelyn,1,47.69925319297018
Billy,1,2.0419519890364946
Shaniqua,1,66.16417778586016
Shani,2,17.06456288845748
Enda,1,13.53530396153979
Anjelica,1,27.9358352994885
Quiana,1,44.60153489185862
Samatha,1,59.62794388698238
Leona,2,91.8311729691051
Coleen,1,66.8279827213436
Maire,1,54.61974791671287
Chassidy,1,54.154806422232625
Brenna,1,76.97897367372609
Annelle,1,74.95711775037958
Betsey,1,72.16813580521324
Mendy,2,145.54494226628861
Corinna,1,88.25569443119713
Nicole,1,25.430921397856576
Anika,2,101.4885303587757
Zulma,1,25.359602127785365
Jackelyn,1,16.546016673281226
Ernestine,1,65.41733252347434
Tamesha,1,95.52312659229092
Nieves,2,96.15867525267976
Juanita,1,17.320989742268956
Rosanne,1,15.490969599050397
Merrilee,1,89.64133946713402
Hien,2,55.64961482450003
Bok,1,94.04256842590738
Jon,1,83.48559934571362
Alex,1,0.057889446920667
Jazmin,1,52.20864483116364
Eve,1,66.31295836063032
Glynis,3,205.82148177564366
Clarisa,1,5.297059518085156
Otto,2,111.19299510791971
Sherill,2,95.32696606298886
Lyndsey,1,54.333214914828595
Adah,1,31.50460762163475
Elisa,1,23.31741228103462
Evon,1,89.72796838946728
Enedina,1,80.26188856554732
Vickie,1,26.48749299336425
Weston,1,61.63166638007615
Pearl,1,9.334904724229109
Diego,1,61.19308463629562
Minerva,1,28.224287512241297
Delpha,1,67.19684852541799
Latoria,1,19.723758956747307
Marlena,1,49.03716039915976
Tameika,1,26.34944498311492
Ellena,1,11.83592660424626
Jule,2,101.4296707024863
Audra,1,47.553915045195296
Shalanda,1,84.39576276128388
Michele,1,73.47501913405833
Angie,1,68.89619055396682
Cecila,1,37.33208414021646
Dorothy,1,49.36259990964873
Zana,1,51.419435037288544
Tarah,1,95.05646317397168
Theodore,1,5.890470909712975
Peggy,1,75.899577866488
Maximo,2,130.9479235246721
Tonita,1,6.1235778018224885
Lavinia,1,45.26526576816921
Austin,1,37.36302268084969
Aracelis,1,63.143463090485085
Lajuana,1,99.08237439062036
Son,1,87.08793726058288
Eura,1,0.8707108250093687
Kenna,1,63.099909047956125
Dominque,1,78.48974716939793
Earl,1,92.89459815303886
Myrna,1,93.28028958400368
Brittny,1,81.55419734072635
Ignacia,2,88.37517282460189
Delsie,1,9.285606844394811
Arden,2,98.38128860922131
Alayna,1,31.43276987981971
Gabriella,1,85.79978443536356
Shasta,2,48.34727069222451
Ima,1,55.85815909185491
Domenica,1,53.4061162022812
